Grafik Titel (*),Beschreibung (*),Unterkategorie Level - 1 (*),Keywords (getrennt durch Komma),Artikelbild Dateiname1 (*),Artikelbild Dateiname2,Artikelbild Dateiname3,Artikelbild Dateiname4,Artikelbild Dateiname5,Wasserzeichen zu Bildern hinzufügen,Verfügbarkeit (*),Preis,Format,Rechte (*),Epoche (*),Jahr,Farbe,Artikelgröße (Länge),Artikelgröße (Breite),Artikelgröße (Höhe),Artikelgröße (Unit)
"Serbien Nature","Informationen zu unseren Papierarten/Druckmedien findest Du hier: Papierarten-Info.",Poster,"grün, Serbien, Fremdenverkehr, Wald, Plakat, Reisen, Tourismus, rechtefreies Plakat",1690577116671_1.jpg,,,,,no,In gedruckter Form,,Pixelgrafik,Rechte liegen beim Grafiker,ab 2010,,,,,,
"Veranstaltungsreihe Anarchismus","Informationen zu unseren Papierarten/Druckmedien findest Du hier: Papierarten-Info.",Poster,"Links, Politisch, Punks, Demonstration, Plakat, Hochformat",1690577117323_1.jpg,,,,,no,In gedruckter Form,,Pixelgrafik,Rechte liegen beim Grafiker,ab 2010,,,,,,
"Nehmt Euch Die Häuser","Informationen zu unseren Papierarten/Druckmedien findest Du hier: Papierarten-Info.",Poster,"Plakat, Hochformat, Links, Politisch, Punks, Demonstration",1690577117987_1.jpg,,,,,no,In gedruckter Form,,Pixelgrafik,Rechte liegen beim Grafiker,ab 2010,,,,,,
"MA40 Sozialamt “Leben ohne Not”","Informationen zu unseren Papierarten/Druckmedien findest Du hier: Papierarten-Info.",Poster,"Unterstützung, Plakat, rechtefreies Plakat, Querformat, braun, Poster, Sozial, Soziales, beige, MA40, sand, Sozialamt, Stadt Wien, Not",1690577118082_1.jpg,,,,,no,In gedruckter Form,,Pixelgrafik,Rechte liegen beim Grafiker,ab 2010,,,,,,
"EU-Vortrag “Förderungen Landwirtschaft”","Informationen zu unseren Papierarten/Druckmedien findest Du hier: Papierarten-Info.",Poster,"Plakat, rechtefreies Plakat, Hochformat, EU, Poster, Landwirtschaft, Politik, Agrar, Bauern",1690577118092_1.jpg,,,,,no,In gedruckter Form,,Pixelgrafik,Rechte liegen beim Grafiker,ab 2010,,,,,,
"Moschee Tirol","Informationen zu unseren Papierarten/Druckmedien findest Du hier: Papierarten-Info.",Poster,"Plakat, rechtefreies Plakat, Hochformat, Poster, Politik, Rechtsruck, Rechts, Parteien, Wahlkampf",1690577120013_1.jpg,,,,,no,In gedruckter Form,,Pixelgrafik,Rechte liegen beim Grafiker,ab 2010,,,,,,
"DJ Sacrifice","Informationen zu unseren Papierarten/Druckmedien findest Du hier: Papierarten-Info.",Poster,"Nightlife, Musik, Nachtclub, Veranstaltung, Bar, Konzert, bunt, Jugendkultur, Pop, Sänger, Jugendzimmer, lila, Plakat, Event, rechtefreies Plakat, Party, Hochformat",1690577122745_1.jpg,,,,,no,In gedruckter Form,,Pixelgrafik,Rechte liegen beim Grafiker,ab 2010,,,,,,
"Dia Show Ägypten","Informationen zu unseren Papierarten/Druckmedien findest Du hier: Papierarten-Info.",Poster,"Plakat, Hochformat, bunt, Uni, Universität, Vortrag, Dia-Show",1690577123954_1.jpg,,,,,no,In gedruckter Form,,Pixelgrafik,Rechte liegen beim Grafiker,ab 2010,,,,,,
"One Earth – “red hair”","Informationen zu unseren Papierarten/Druckmedien findest Du hier: Papierarten-Info.",Poster,"Immigrant, Plakat, Asylant, rechtefreies Plakat, sand, grau, Hochformat, NGO, Spenden, Jugendzimmer, NPO, Hilfe, Menschenrechte, helfen, Poster, Junge, Sozial, Einwanderer, Flüchtling",1690577124851_1.jpg,,,,,no,In gedruckter Form,,Pixelgrafik,Rechte liegen beim Grafiker,ab 2010,,,,,,
"Kindersommerfest Vintage","Informationen zu unseren Papierarten/Druckmedien findest Du hier: Papierarten-Info.",Poster,"Vintage, Kinderfest, Fest, Feier, beige, Feuerwehr, Dorf, Kleinstadt, Plakat, Frühschoppen, Hochformat, Sommerfest, rot, Gemeinde",1690577125100_1.jpg,,,,,no,In gedruckter Form,,Pixelgrafik,Rechte liegen beim Grafiker,ab 2010,,,,,,
"Gewalt ist kein Spiel","Informationen zu unseren Papierarten/Druckmedien findest Du hier: Papierarten-Info.",Poster,"Plakat, rechtefreies Plakat, Hochformat, bunt, Schule, Matura, Gewalt, Videospiele, Ego-Shooter, Computerspiele",1690577125365_1.jpg,,,,,no,In gedruckter Form,,Pixelgrafik,Rechte liegen beim Grafiker,ab 2010,,,,,,
"Schlicht","Informationen zu unseren Papierarten/Druckmedien findest Du hier: Papierarten-Info.",Poster,"Bar, Poster, Poker, Las Vegas, Plakat, rechtefreies Plakat, glücksspiel, Hochformat, Jugendzimmer, Nachtclub",1690577125625_1.jpg,,,,,no,In gedruckter Form,,Pixelgrafik,Rechte liegen beim Grafiker,ab 2010,,,,,,
"Fitness Studio Fit Enjoy","Informationen zu unseren Papierarten/Druckmedien findest Du hier: Papierarten-Info.",Poster,"Werbeplakat, Veranstaltung, Sport, Fitness-Club, Plakat, rechtefreies Plakat, Hochformat, Werbung",1690577125949_1.jpg,,,,,no,In gedruckter Form,,Pixelgrafik,Rechte liegen beim Grafiker,ab 2010,,,,,,
"Fußball Show","Informationen zu unseren Papierarten/Druckmedien findest Du hier: Papierarten-Info.",Poster,"Fussball, Plakat, rechtefreies Plakat, Hochformat, Veranstaltung, schwarz, bunt, Sport",1690577126360_1.jpg,,,,,no,In gedruckter Form,,Pixelgrafik,Rechte liegen beim Grafiker,ab 2010,,,,,,
"Frauenfußball “WIR FORDERN” Querformat","Informationen zu unseren Papierarten/Druckmedien findest Du hier: Papierarten-Info.",Poster,"Frauen, Querformat, Veranstaltung, rot, bunt, Sport, Fussball, Frauenfussball, Spielankündigung, Plakat, Match, rechtefreies Plakat, Turnier",1690577126499_1.jpg,,,,,no,In gedruckter Form,,Pixelgrafik,Rechte liegen beim Grafiker,ab 2010,,,,,,
"Österreich entdecken “Weinliebhaber”","Informationen zu unseren Papierarten/Druckmedien findest Du hier: Papierarten-Info.",Poster,"Werbung, Österreich, Fremdenverkehr, Plakat, Reisen, Tourismus, rechtefreies Plakat",1690577126636_1.jpg,,,,,no,In gedruckter Form,,Pixelgrafik,Rechte liegen beim Grafiker,ab 2010,,,,,,
"nachgebaute Textplakate","Diese für den Film “Der Teufelsgeiger” (2013) und andere Filme nachgebauten Plakate stehen exemplarisch für viele historische, typografische Plakate, die wir bereits von nicht druckbaren Vorlagen reproduziert haben. Gerne reproduzieren wir historische Plakate, wenn das vorhandene Bild-Material nicht für den Druck ausreicht. Informationen zu unseren Papierarten/Druckmedien findest Du hier: Papierarten-Info.",Poster,"Schlagwort: Plakat",1690577126756_1.jpg,,,,,no,In gedruckter Form,,Pixelgrafik,Rechte liegen beim Grafiker,ab 2010,,,,,,
"Free-Club “angry bear”","Informationen zu unseren Papierarten/Druckmedien findest Du hier: Papierarten-Info.",Poster,"Plakat, Event, rechtefreies Plakat, Party, Hochformat, Nightlife, Musik, Nachtclub, Veranstaltung, Bar, Konzert, Jugendkultur, Pop, Sänger, Jugendzimmer, blau",1690577128486_1.jpg,,,,,no,In gedruckter Form,,Pixelgrafik,Rechte liegen beim Grafiker,ab 2010,,,,,,
"Steirische Credit Bank  Kinder-Zukunft","Informationen zu unseren Papierarten/Druckmedien findest Du hier: Papierarten-Info.",Poster,"Plakat, Bankfoyer, rechtefreies Plakat, Fake-Bank, Hochformat, Bank, Geldwesen, Kreditinstitut, Werbung, Werbeplakat, Finanzen, Schalter, Geld",1690577129000_1.jpg,,,,,no,In gedruckter Form,,Pixelgrafik,Rechte liegen beim Grafiker,ab 2010,,,,,,
"Devut Guelogloglu","Informationen zu unseren Papierarten/Druckmedien findest Du hier: Papierarten-Info.",Poster,"Kultur, Jugendkultur, Pop, Sänger, Türkische Schlager, Plakat, rechtefreies Plakat, Hochformat, Musik, Veranstaltung, Konzert",1690577129002_1.jpg,,,,,no,In gedruckter Form,,Pixelgrafik,Rechte liegen beim Grafiker,ab 2010,,,,,,
"Mein Kauf 25 Jahre Mineralwasser","Informationen zu unseren Papierarten/Druckmedien findest Du hier: Papierarten-Info.",Poster,"gelb, rechtefreies Plakat, Bio, rechtefrei, Hochformat, Werbung, Werbeplakat, Supermarkt, Markt, Aktionsangebote, rot, Plakat",1690577129358_1.jpg,,,,,no,In gedruckter Form,,Pixelgrafik,Rechte liegen beim Grafiker,ab 2010,,,,,,
"Luxx Kino “Couples Night”","Informationen zu unseren Papierarten/Druckmedien findest Du hier: Papierarten-Info.",Poster,"türkis, Plakat, rechtefreies Plakat, rechtefrei, Hochformat, Werbung, Werbeplakat, Plakat rechtefrei, Filmplakat, Kino, blau",1690577129617_1.jpg,,,,,no,In gedruckter Form,,Pixelgrafik,Rechte liegen beim Grafiker,ab 2010,,,,,,
"Free-Club “cycling rabbit”","Informationen zu unseren Papierarten/Druckmedien findest Du hier: Papierarten-Info.",Poster,"Jugendzimmer, blau, Plakat, Event, rechtefreies Plakat, Party, Hochformat, Nightlife, Musik, Nachtclub, Veranstaltung, Bar, Konzert, Jugendkultur, Pop, Sänger",1690577130012_1.jpg,,,,,no,In gedruckter Form,,Pixelgrafik,Rechte liegen beim Grafiker,ab 2010,,,,,,
"Sozialer Aufstand","Informationen zu unseren Papierarten/Druckmedien findest Du hier: Papierarten-Info.",Poster,"Plakat, Hochformat, Links, Politisch, Punks, Demonstration",1690577130434_1.jpg,,,,,no,In gedruckter Form,,Pixelgrafik,Rechte liegen beim Grafiker,ab 2010,,,,,,
"Sommerfest","Informationen zu unseren Papierarten/Druckmedien findest Du hier: Papierarten-Info.",Poster,"Feier, Feuerwehr, Dorf, Kleinstadt, Frühschoppen, Sommerfest, Gemeinde, Plakat, schwarz-gelb, Hochformat, Fest",1690577130846_1.jpg,,,,,no,In gedruckter Form,,Pixelgrafik,Rechte liegen beim Grafiker,ab 2010,,,,,,
"Wohnen in Wien “Ihr Heim liegt uns am Herzen”","Informationen zu unseren Papierarten/Druckmedien findest Du hier: Papierarten-Info.",Poster,"Not, Unterstützung, Rentner, Armut, Plakat, Familien, rechtefreies Plakat, Wohnug, Querformat, wohnen, gelb, Poster, Soziales, grün, Sozialamt, Sozial, Stadt Wien",1690577131242_1.jpg,,,,,no,In gedruckter Form,,Pixelgrafik,Rechte liegen beim Grafiker,ab 2010,,,,,,
"Belle Lila Sofa","Informationen zu unseren Papierarten/Druckmedien findest Du hier: Papierarten-Info.",Poster,"Frau, rosa, Plakat, rechtefreies Plakat, Hochformat, Mode, Haute Couture, Modezeitschrift, Model, Laufsteg",1690577131843_1.jpg,,,,,no,In gedruckter Form,,Pixelgrafik,Rechte liegen beim Grafiker,ab 2010,,,,,,
"Hundefutter Doggy Power","Informationen zu unseren Papierarten/Druckmedien findest Du hier: Papierarten-Info.",Poster,"Werbung, Werbeplakat, rot, braun, Haustiere, Hund, Tiernahrung, Haustier, beige, Futter, Plakat, sand, rechtefreies Plakat, Hochformat",1690577132113_1.jpg,,,,,no,In gedruckter Form,,Pixelgrafik,Rechte liegen beim Grafiker,ab 2010,,,,,,
"Wiener Universal Versicherung “hoffentlich unfallversichert”","Informationen zu unseren Papierarten/Druckmedien findest Du hier: Papierarten-Info.",Poster,"Werbeplakat, blau, Finanzen, Schalter, Geld, Versicherung, Plakat, Versicherungen, rechtefreies Plakat, Lebensversicherung, Hochformat, Unfallversicherung, Geldwesen, Werbung",1690577132227_1.jpg,,,,,no,In gedruckter Form,,Pixelgrafik,Rechte liegen beim Grafiker,ab 2010,,,,,,
"Es ist Dein Urlaub – Laufen (Hochformat)","Hier findest Du dieses Motiv auch als Querformat. Informationen zu unseren Papierarten/Druckmedien findest Du hier: Papierarten-Info.",Poster,"rechtefrei, Sommer, Fremdenverkehr, Sonne, Urlaub, Strand, Plakat, Reisen, Tourismus, rechtefreies Plakat",1690577132314_1.jpg,,,,,no,In gedruckter Form,,Pixelgrafik,Rechte liegen beim Grafiker,ab 2010,,,,,,
"Mojo Roberts","Informationen zu unseren Papierarten/Druckmedien findest Du hier: Papierarten-Info.",Poster,"Jazz, schwarz, Plakat, rechtefreies Plakat, Hochformat, Werbung, Werbeplakat, Musik",1690577132368_1.jpg,,,,,no,In gedruckter Form,,Pixelgrafik,Rechte liegen beim Grafiker,ab 2010,,,,,,
"One Earth – “brown hair”","Informationen zu unseren Papierarten/Druckmedien findest Du hier: Papierarten-Info.",Poster,"Plakat, Asylant, rechtefreies Plakat, sand, grau, Hochformat, NGO, Spenden, Jugendzimmer, NPO, Hilfe, Menschenrechte, helfen, Poster, Junge, Sozial, Einwanderer, Flüchtling, Immigrant",1690577132357_1.jpg,,,,,no,In gedruckter Form,,Pixelgrafik,Rechte liegen beim Grafiker,ab 2010,,,,,,
"Trixxi Cola light “Sommer”","Auf Anfrage auch als 16-Bogen-Plakat erhältlich. Informationen zu unseren Papierarten/Druckmedien findest Du hier: Papierarten-Info.",Poster,"Softdrink, Jugendkultur, rot, braun, Cola, Jugend, Plakat, Urlaub, rechtefreies Plakat, Limo, Würstelstand, Limonade, Sommer, Werbung, beige, Strand, Werbeplakat, sand, Getränk, Querformat",1690577133541_1.jpg,,,,,no,In gedruckter Form,,Pixelgrafik,Rechte liegen beim Grafiker,ab 2010,,,,,,
"Medizin Grenzenlos","Informationen zu unseren Papierarten/Druckmedien findest Du hier: Papierarten-Info.",Poster,"Umweltschutz, farbige, Tierschutz, Ärzte, naturbewusst, umweltbewusst, Plakat, umweltschützend, rechtefreies Plakat, ökologisch, Medizin, Hilfsorganisation, Hochformat, gemeinnützig, Arzt, Verein, Jugendzimmer, NGO, Poster, NPO",1690577134444_1.jpg,,,,,no,In gedruckter Form,,Pixelgrafik,Rechte liegen beim Grafiker,ab 2010,,,,,,
"Protest","Informationen zu unseren Papierarten/Druckmedien findest Du hier: Papierarten-Info.",Poster,"Plakat, Hochformat, Links, Politisch, Punks, Demonstration",1690577135130_1.jpg,,,,,no,In gedruckter Form,,Pixelgrafik,Rechte liegen beim Grafiker,ab 2010,,,,,,
"Zahnarzt Implantate","Informationen zu unseren Papierarten/Druckmedien findest Du hier: Papierarten-Info.",Poster,"Plakat, rechtefreies Plakat, rechtefrei, Gesundheit, Medizin, Hochformat, Zahnarzt",1690577136303_1.jpg,,,,,no,In gedruckter Form,,Pixelgrafik,Rechte liegen beim Grafiker,ab 2010,,,,,,
"Taek Won Do türkisch","Informationen zu unseren Papierarten/Druckmedien findest Du hier: Papierarten-Info.",Poster,"Hochformat, Veranstaltung, Sport, Kampfsport, Plakat, rechtefreies Plakat",1690577139100_1.jpg,,,,,no,In gedruckter Form,,Pixelgrafik,Rechte liegen beim Grafiker,ab 2010,,,,,,
"Wiener Theater Festival","Informationen zu unseren Papierarten/Druckmedien findest Du hier: Papierarten-Info.",Poster,"Werbung, Werbeplakat, Plakat rechtefrei, Kultur, schwarz, Theater, Plakat, rechtefreies Plakat, rechtefrei, Hochformat",1690577140233_1.jpg,,,,,no,In gedruckter Form,,Pixelgrafik,Rechte liegen beim Grafiker,ab 2010,,,,,,
"Top Line Dusche","Informationen zu unseren Papierarten/Druckmedien findest Du hier: Papierarten-Info.",Poster,"Plakat, rechtefreies Plakat, rechtefrei, Hochformat, Werbung, Werbeplakat, Installateur",1690577141849_1.jpg,,,,,no,In gedruckter Form,,Pixelgrafik,Rechte liegen beim Grafiker,ab 2010,,,,,,
"Österreich entdecken “Winter”","Auf Anfrage auch als 16, oder 24-Bogen-Plakat erhältlich. Hier findest Du dieses Motiv auch als Hochformat. Informationen zu unseren Papierarten/Druckmedien findest Du hier: Papierarten-Info.",Poster,"rechtefreies Plakat, rechtefrei, Querformat, Sport, Wintersport, Wien, Panorama, Skifahren, Plakat, Fremdenverkehr, Winter, Reisen, Städtereisen, Schnee, Tourismus",1690577142060_1.jpg,,,,,no,In gedruckter Form,,Pixelgrafik,Rechte liegen beim Grafiker,ab 2010,,,,,,
"Rock Festival Plakat","Informationen zu unseren Papierarten/Druckmedien findest Du hier: Papierarten-Info.",Poster,"Plakat, schwarz, rechtefreies Plakat, Hochformat, Musik, Veranstaltung, Konzert, Kultur, Jugendkultur, Rock, Band, blau",1690577142603_1.jpg,,,,,no,In gedruckter Form,,Pixelgrafik,Rechte liegen beim Grafiker,ab 2010,,,,,,
"Crane Zigaretten","Informationen zu unseren Papierarten/Druckmedien findest Du hier: Papierarten-Info.",Poster,"bunt, Kiosk, Plakat, Trafik, rechtefreies Plakat, Tschik, Rauchen, Zigaretten, Filterzigaretten, Hochformat, Werbung, Werbeplakat, Jugendliche",1690577143042_1.jpg,,,,,no,In gedruckter Form,,Pixelgrafik,Rechte liegen beim Grafiker,ab 2010,,,,,,
"Uhren Chronoridium","Informationen zu unseren Papierarten/Druckmedien findest Du hier: Papierarten-Info.",Poster,"Werbeplakat, schwarz, Uhren, Juwelier, Juwelen, Uhrmacher, elegant, Plakat, gold, rechtefreies Plakat, ocker, Hochformat, Werbung",1690577143261_1.jpg,,,,,no,In gedruckter Form,,Pixelgrafik,Rechte liegen beim Grafiker,ab 2010,,,,,,
"Waldner Bank Plakat 2","Informationen zu unseren Papierarten/Druckmedien findest Du hier: Papierarten-Info.",Poster,"Kreditinstitut, Werbung, Werbeplakat, Finanzen, Schalter, Geld, Plakat, Bankfoyer, rechtefreies Plakat, Fake-Bank, Hochformat, Bank, Geldwesen",1690577143579_1.jpg,,,,,no,In gedruckter Form,,Pixelgrafik,Rechte liegen beim Grafiker,ab 2010,,,,,,
"Lagerauflösung","Informationen zu unseren Papierarten/Druckmedien findest Du hier: Papierarten-Info.",Poster,"Flohmarkt, Textplakat, Lagerabverkauf, schwarz-gelb, Plakat, Hochformat",1690577143869_1.jpg,,,,,no,In gedruckter Form,,Pixelgrafik,Rechte liegen beim Grafiker,ab 2010,,,,,,
"Der Jahrhundert Bankraub","Informationen zu unseren Papierarten/Druckmedien findest Du hier: Papierarten-Info.",Poster,"Plakat, rechtefreies Plakat, rechtefrei, Hochformat, Werbung, Werbeplakat, Filmplakat, Held, Kino, blau",1690577144759_1.jpg,,,,,no,In gedruckter Form,,Pixelgrafik,Rechte liegen beim Grafiker,ab 2010,,,,,,
"Weingut Stein Rotwein","Informationen zu unseren Papierarten/Druckmedien findest Du hier: Papierarten-Info.",Poster,"Plakat, Reisen, Tourismus, rechtefreies Plakat, Hochformat, Weingut, Herbst, weinrot, Weintrauben, Fremdenverkehr",1690577145227_1.jpg,,,,,no,In gedruckter Form,,Pixelgrafik,Rechte liegen beim Grafiker,ab 2010,,,,,,
"Tal der Krieger","Informationen zu unseren Papierarten/Druckmedien findest Du hier: Papierarten-Info.",Poster,"Plakat rechtefrei, Filmplakat, Kino, Krieg, Kampf, Plakat, Feuer, rechtefreies Plakat, rechtefrei, Hochformat, Werbung, Werbeplakat",1690577145207_1.jpg,,,,,no,In gedruckter Form,,Pixelgrafik,Rechte liegen beim Grafiker,ab 2010,,,,,,
"Rock For Anarchy 2","Informationen zu unseren Papierarten/Druckmedien findest Du hier: Papierarten-Info.",Poster,"Plakat, Hochformat, Links, Politisch, Punks, Demonstration",1690577145225_1.jpg,,,,,no,In gedruckter Form,,Pixelgrafik,Rechte liegen beim Grafiker,ab 2010,,,,,,
"Wiener Universal Versicherung “hoffentlich reiseversichert”","Informationen zu unseren Papierarten/Druckmedien findest Du hier: Papierarten-Info.",Poster,"Versicherung, Plakat, Versicherungen, rechtefreies Plakat, Lebensversicherung, Hochformat, Unfallversicherung, Geldwesen, Kfz-Versicherung, Werbung, Reiseversicherung, Werbeplakat, blau, Finanzen, Schalter, Geld",1690577145810_1.jpg,,,,,no,In gedruckter Form,,Pixelgrafik,Rechte liegen beim Grafiker,ab 2010,,,,,,
"Kirat","Informationen zu unseren Papierarten/Druckmedien findest Du hier: Papierarten-Info.",Poster,"Sänger, Türkische Schlager, Plakat, rechtefreies Plakat, Hochformat, Musik, Veranstaltung, Konzert, Kultur, Jugendkultur, Pop",1690577145793_1.jpg,,,,,no,In gedruckter Form,,Pixelgrafik,Rechte liegen beim Grafiker,ab 2010,,,,,,
"Win Coach Rabel","Informationen zu unseren Papierarten/Druckmedien findest Du hier: Papierarten-Info.",Poster,"Hochformat, bunt, Erwachsenenbildung, Fortbildung, Plakat, rechtefreies Plakat",1690577147335_1.jpg,,,,,no,In gedruckter Form,,Pixelgrafik,Rechte liegen beim Grafiker,ab 2010,,,,,,
"Es ist Dein Urlaub – Paare Hochformat","Hier findest Du dieses Motiv auch als Querformat. Informationen zu unseren Papierarten/Druckmedien findest Du hier: Papierarten-Info.",Poster,"Reisen, Tourismus, rechtefreies Plakat, rechtefrei, Sommer, Fremdenverkehr, Sonne, Urlaub, Strand, Plakat",1690577147974_1.jpg,,,,,no,In gedruckter Form,,Pixelgrafik,Rechte liegen beim Grafiker,ab 2010,,,,,,
"Votec Migralam","Informationen zu unseren Papierarten/Druckmedien findest Du hier: Papierarten-Info.",Poster,"Medizin, Hochformat, Pharma, Apotheke, Arzt, Medikamente, Plakat, rechtefreies Plakat, rechtefrei, Gesundheit",1690577148805_1.jpg,,,,,no,In gedruckter Form,,Pixelgrafik,Rechte liegen beim Grafiker,ab 2010,,,,,,
"Computer Spiel Lethal Assault","Informationen zu unseren Papierarten/Druckmedien findest Du hier: Papierarten-Info.",Poster,"Plakat, rechtefreies Plakat, rechtefrei, Hochformat, Kinder, Jugendliche, Buben, Kinderzimmer, orange, bunt",1690577149524_1.jpg,,,,,no,In gedruckter Form,,Pixelgrafik,Rechte liegen beim Grafiker,ab 2010,,,,,,
"Demo “Expect Resistance”","Informationen zu unseren Papierarten/Druckmedien findest Du hier: Papierarten-Info.",Poster,"Poster, Junge, Einwanderer, Flüchtling, Plakat, Immigrant, rechtefreies Plakat, Asylant, Hochformat, NGO, Jugendzimmer, NPO, blau, schwarz, Menschenrechte",1690577149522_1.jpg,,,,,no,In gedruckter Form,,Pixelgrafik,Rechte liegen beim Grafiker,ab 2010,,,,,,
"Votec Prodyn Energeticum","Informationen zu unseren Papierarten/Druckmedien findest Du hier: Papierarten-Info.",Poster,"Medikamente, Plakat, rechtefreies Plakat, rechtefrei, Gesundheit, Medizin, Hochformat, Pharma, Apotheke, Arzt",1690577150906_1.jpg,,,,,no,In gedruckter Form,,Pixelgrafik,Rechte liegen beim Grafiker,ab 2010,,,,,,
"Bio Bäckerei Kamper v2","Informationen zu unseren Papierarten/Druckmedien findest Du hier: Papierarten-Info.",Poster,"Werbeplakat, Semmeln, Einkauf, Supermarkt, Markt, Aktionsangebote, Plakat, Brot, rechtefreies Plakat, beige, Bio, sand, rechtefrei, Bäcker, Hochformat, Bäckerei, Werbung, creme",1690577150898_1.jpg,,,,,no,In gedruckter Form,,Pixelgrafik,Rechte liegen beim Grafiker,ab 2010,,,,,,
"Spielankündigung “KFV-FFC”","Informationen zu unseren Papierarten/Druckmedien findest Du hier: Papierarten-Info.",Poster,"Plakat, rechtefreies Plakat, Querformat, Veranstaltung, Sport, Fussball, Frauenfussball, Spielankündigung, Match, Turnier",1690577151095_1.jpg,,,,,no,In gedruckter Form,,Pixelgrafik,Rechte liegen beim Grafiker,ab 2010,,,,,,
"NEIN zu Drogen","Informationen zu unseren Papierarten/Druckmedien findest Du hier: Papierarten-Info.",Poster,"Drogenentzug, Hochformat, Wachstube, Amt, Jugendzimmer, schwarz, rot, Poster, Junge, Sucht, Beamter, Plakat, Behörden, rechtefreies Plakat, Polizei, Drogen, Gesundheit, Alkohol",1690577151091_1.jpg,,,,,no,In gedruckter Form,,Pixelgrafik,Rechte liegen beim Grafiker,ab 2010,,,,,,
"Serbien Temple Saint Sava","Informationen zu unseren Papierarten/Druckmedien findest Du hier: Papierarten-Info.",Poster,"Hochformat, Fremdenverkehr, Plakat, Reisen, Tourismus, rechtefreies Plakat",1690577151647_1.jpg,,,,,no,In gedruckter Form,,Pixelgrafik,Rechte liegen beim Grafiker,ab 2010,,,,,,
"Anarchy Skull","Informationen zu unseren Papierarten/Druckmedien findest Du hier: Papierarten-Info.",Poster,"bunt, Plakat, Hochformat, Links, Politisch, Punks, Demonstration, Anarchie, gelb",1690577151661_1.jpg,,,,,no,In gedruckter Form,,Pixelgrafik,Rechte liegen beim Grafiker,ab 2010,,,,,,
"Anarchie Mooswand","Informationen zu unseren Papierarten/Druckmedien findest Du hier: Papierarten-Info.",Poster,"Plakat, Hochformat, Links, Politisch, Punks, grau, Demonstration, Anarchie, grün",1690577151951_1.jpg,,,,,no,In gedruckter Form,,Pixelgrafik,Rechte liegen beim Grafiker,ab 2010,,,,,,
"Es ist Dein Urlaub – Laufen (Querformat)","Auf Anfrage auch als 16, oder 24-Bogen-Plakat erhältlich. Hier findest Du dieses Motiv auch als Hochformat. Informationen zu unseren Papierarten/Druckmedien findest Du hier: Papierarten-Info.",Poster,"sand, Strand, Plakat, Städtereisen, Meer, Reisen, Tourismus, rechtefreies Plakat, rechtefrei, Querformat, Panorama, Fremdenverkehr, Urlaub, Sommer",1690577151952_1.jpg,,,,,no,In gedruckter Form,,Pixelgrafik,Rechte liegen beim Grafiker,ab 2010,,,,,,
"Serbien Kalemegdan Fortress","Informationen zu unseren Papierarten/Druckmedien findest Du hier: Papierarten-Info.",Poster,"Reisen, Tourismus, rechtefreies Plakat, Fremdenverkehr, Plakat",1690577151956_1.jpg,,,,,no,In gedruckter Form,,Pixelgrafik,Rechte liegen beim Grafiker,ab 2010,,,,,,
"Heinz Snowboards “make my day”","Siehe Bild",Poster,"Plakat, rechtefreies Plakat, Hochformat, Werbung, Werbeplakat, Querformat, Veranstaltung, Sport, snowboard, Wintersport",1690577151954_1.jpg,,,,,no,In gedruckter Form,,Pixelgrafik,Rechte liegen beim Grafiker,ab 2010,,,,,,
"Musical Die Reise","Informationen zu unseren Papierarten/Druckmedien findest Du hier: Papierarten-Info.",Poster,"Kultur, Jugendkultur, Musical, schwarz, lila, Plakat, rechtefreies Plakat, Hochformat, Musik, Veranstaltung, Konzert",1690577151960_1.jpg,,,,,no,In gedruckter Form,,Pixelgrafik,Rechte liegen beim Grafiker,ab 2010,,,,,,
"Salzburg Kulturwochen","Informationen zu unseren Papierarten/Druckmedien findest Du hier: Papierarten-Info.",Poster,"Oper, Plakat, Fremdenverkehr, Reisen, Tourismus, rechtefreies Plakat, Hochformat, Musik, Veranstaltung, Konzert, Klassik",1690577152311_1.jpg,,,,,no,In gedruckter Form,,Pixelgrafik,Rechte liegen beim Grafiker,ab 2010,,,,,,
"Karate Fight Night","Informationen zu unseren Papierarten/Druckmedien findest Du hier: Papierarten-Info.",Poster,"Sport, Kampfsport, Karate, Kampfkunst, Plakat, rechtefreies Plakat, Hochformat, Werbung, Werbeplakat, Kinder, Veranstaltung",1690577152316_1.jpg,,,,,no,In gedruckter Form,,Pixelgrafik,Rechte liegen beim Grafiker,ab 2010,,,,,,
"Lass Dich Nicht Fangen","Informationen zu unseren Papierarten/Druckmedien findest Du hier: Papierarten-Info.",Poster,"Plakat, Sucht, rechtefreies Plakat, Rauchen, Zigaretten, Gesundheit, Hochformat, Kinder, Schule, Uni, Matura, Nichtraucher",1690577152318_1.jpg,,,,,no,In gedruckter Form,,Pixelgrafik,Rechte liegen beim Grafiker,ab 2010,,,,,,
"Karate Fight Night 2","Informationen zu unseren Papierarten/Druckmedien findest Du hier: Papierarten-Info.",Poster,"Kampfsport, Karate, Kampfkunst, Plakat, rechtefreies Plakat, Hochformat, Werbung, Werbeplakat, Kinder, Veranstaltung, Sport",1690577152546_1.jpg,,,,,no,In gedruckter Form,,Pixelgrafik,Rechte liegen beim Grafiker,ab 2010,,,,,,
"Red Wings Wien","Informationen zu unseren Papierarten/Druckmedien findest Du hier: Papierarten-Info.",Poster,"Reisen, Tourismus, rechtefreies Plakat, Querformat, Fluglinie, Fremdenverkehr, Plakat",1690577152313_1.jpg,,,,,no,In gedruckter Form,,Pixelgrafik,Rechte liegen beim Grafiker,ab 2010,,,,,,
"Winterhilfe für Flüchtlinge!","Informationen zu unseren Papierarten/Druckmedien findest Du hier: Papierarten-Info.",Poster,"Flüchtling, Immigrant, Asylant, Plakat, sand, Winter, rechtefreies Plakat, NGO, Weihnachten, Hochformat, NPO, Jugendzimmer, Menschenrechte, Poster, Junge, Einwanderer",1690577152554_1.jpg,,,,,no,In gedruckter Form,,Pixelgrafik,Rechte liegen beim Grafiker,ab 2010,,,,,,
"Karate Series A","Informationen zu unseren Papierarten/Druckmedien findest Du hier: Papierarten-Info.",Poster,"Hochformat, Werbung, Werbeplakat, Veranstaltung, Sport, Kampfsport, Karate, Kampfkunst, Plakat, rechtefreies Plakat",1690577153033_1.jpg,,,,,no,In gedruckter Form,,Pixelgrafik,Rechte liegen beim Grafiker,ab 2010,,,,,,
"Trixxi Cola light “Winter”","Auf Anfrage auch als 16-Bogen-Plakat erhältlich. Informationen zu unseren Papierarten/Druckmedien findest Du hier: Papierarten-Info.",Poster,"Jugendkultur, schwarz, rot, Cola, Jugend, Winter, Limo, Getränk, Plakat, Limonade, Softdrink, rechtefreies Plakat, Weihnachten, Würstelstand, Werbung, Werbeplakat",1690577153039_1.jpg,,,,,no,In gedruckter Form,,Pixelgrafik,Rechte liegen beim Grafiker,ab 2010,,,,,,
"Littleyears  Produkt-Range Plakat","Informationen zu unseren Papierarten/Druckmedien findest Du hier: Papierarten-Info.",Poster,"Werbung, Werbeplakat, Babynahrung, Babypflege, Baby, Plakat, rechtefreies Plakat, Hochformat",1690577154336_1.jpg,,,,,no,In gedruckter Form,,Pixelgrafik,Rechte liegen beim Grafiker,ab 2010,,,,,,
"Bungee","Informationen zu unseren Papierarten/Druckmedien findest Du hier: Papierarten-Info.",Poster,"Plakat, bunt, Mensch, Sport",1690577154635_1.jpg,,,,,no,In gedruckter Form,,Pixelgrafik,Rechte liegen beim Grafiker,ab 2010,,,,,,
"Polizei Brutalität","Informationen zu unseren Papierarten/Druckmedien findest Du hier: Papierarten-Info.",Poster,"Plakat, Hochformat, Links, Politisch, Punks, Demonstration",1690577155635_1.jpg,,,,,no,In gedruckter Form,,Pixelgrafik,Rechte liegen beim Grafiker,ab 2010,,,,,,
"Free-Club “beaver”","Informationen zu unseren Papierarten/Druckmedien findest Du hier: Papierarten-Info.",Poster,"Jugendkultur, Pop, Sänger, Jugendzimmer, blau, Plakat, Event, rechtefreies Plakat, Party, Hochformat, Nightlife, Musik, Nachtclub, Veranstaltung, Bar, Konzert",1690577154948_1.jpg,,,,,no,In gedruckter Form,,Pixelgrafik,Rechte liegen beim Grafiker,ab 2010,,,,,,
"Speed Junkies Motor Club","Informationen zu unseren Papierarten/Druckmedien findest Du hier: Papierarten-Info.",Poster,"Hochformat, Totenkopf, Buben, skull, Veranstaltung, Jugendkultur, Rock, Band, Hardrock, Motor Club, Jugendzimmer, Plakat, blau, rechtefreies Plakat, schwarz",1690577156804_1.jpg,,,,,no,In gedruckter Form,,Pixelgrafik,Rechte liegen beim Grafiker,ab 2010,,,,,,
"Vitae Versicherungen Risikoversicherung","Informationen zu unseren Papierarten/Druckmedien findest Du hier: Papierarten-Info.",Poster,"Hochformat, Geldwesen, Werbung, Werbeplakat, Finanzen, Schalter, Geld, Versicherung, Versicherungen, Plakat, Lebensversicherung, rechtefreies Plakat",1690577157041_1.jpg,,,,,no,In gedruckter Form,,Pixelgrafik,Rechte liegen beim Grafiker,ab 2010,,,,,,
"Bach","Informationen zu unseren Papierarten/Druckmedien findest Du hier: Papierarten-Info.",Poster,"Plakat, rechtefreies Plakat, Hochformat, Musik, Veranstaltung, Konzert, Klavier, Kultur, Piano, Klassik",1690577157314_1.jpg,,,,,no,In gedruckter Form,,Pixelgrafik,Rechte liegen beim Grafiker,ab 2010,,,,,,
"Hexen-Museum","Informationen zu unseren Papierarten/Druckmedien findest Du hier: Papierarten-Info.",Poster,"Werbeplakat, Plakat rechtefrei, Ausstellung, blau, Museum, Plakat, rechtefreies Plakat, rechtefrei, Hochformat, Werbung",1690577157382_1.jpg,,,,,no,In gedruckter Form,,Pixelgrafik,Rechte liegen beim Grafiker,ab 2010,,,,,,
"Auktionshaus Berger Deutsche Meister","Informationen zu unseren Papierarten/Druckmedien findest Du hier: Papierarten-Info.",Poster,"Plakat, rechtefreies Plakat, rechtefrei, Hochformat, Kunst, Landschaft, Ausstellung, Auktion",1690577157442_1.jpg,,,,,no,In gedruckter Form,,Pixelgrafik,Rechte liegen beim Grafiker,ab 2010,,,,,,
"Vielfalt","Informationen zu unseren Papierarten/Druckmedien findest Du hier: Papierarten-Info.",Poster,"rechtefreies Plakat, Hochformat, Schule, Uni, Migration, Fremde, Gesellschaft, Ausländer, Plakat",1690577157430_1.jpg,,,,,no,In gedruckter Form,,Pixelgrafik,Rechte liegen beim Grafiker,ab 2010,,,,,,
"Comix Poster Awesome","Informationen zu unseren Papierarten/Druckmedien findest Du hier: Papierarten-Info.",Poster,"Jugendliche, Buben, Kinderzimmer, türkis, bunt, Plakat, rechtefreies Plakat, rechtefrei, Hochformat, Kinder",1690577157450_1.jpg,,,,,no,In gedruckter Form,,Pixelgrafik,Rechte liegen beim Grafiker,ab 2010,,,,,,
"Top Line Gas","Informationen zu unseren Papierarten/Druckmedien findest Du hier: Papierarten-Info.",Poster,"Werbung, Werbeplakat, Installateur, Plakat, rechtefreies Plakat, rechtefrei, Hochformat",1690577157534_1.jpg,,,,,no,In gedruckter Form,,Pixelgrafik,Rechte liegen beim Grafiker,ab 2010,,,,,,
"Haushalt Reiniger Chlororex Hochformat","Informationen zu unseren Papierarten/Druckmedien findest Du hier: Papierarten-Info.",Poster,"Haushalt, Reinigungsmittel, Küche, Einkauf, grau, putzen, Plakat, blau, rechtefreies Plakat, rechtefrei, Hochformat, Werbung, Werbeplakat",1690577157586_1.jpg,,,,,no,In gedruckter Form,,Pixelgrafik,Rechte liegen beim Grafiker,ab 2010,,,,,,
"Parfümerie Schön (Hochformat)","Informationen zu unseren Papierarten/Druckmedien findest Du hier: Papierarten-Info.",Poster,"Supermarkt, Markt, lila, Parfümerie, rosa, Drogerie, Kosmetika, Plakat, rechtefreies Plakat, rechtefrei, Hochformat, Werbung, Werbeplakat",1690577157702_1.jpg,,,,,no,In gedruckter Form,,Pixelgrafik,Rechte liegen beim Grafiker,ab 2010,,,,,,
"Polizei “Schutz-Schule”","Mit freundlicher Genehmigung der Landespolizeidirektion Wien. Darf nur in positivem Kontext und gemäß den Richtlinien der Bundespolizeidirektion verwendet werden! Bei Fragen diesbezüglichen bitte telefonisch melden, Danke. Informationen zu unseren Papierarten/Druckmedien findest Du hier: Papierarten-Info.",Poster,"Plakat, Polizei, Polizeieinsatz, Kommissariat, Wachstube, Imagekampagne, Vorbeugung, Verbrechen",1690577157699_1.jpg,,,,,no,In gedruckter Form,,Pixelgrafik,Rechte liegen beim Grafiker,ab 2010,,,,,,
"Internationaler Frauentag","Informationen zu unseren Papierarten/Druckmedien findest Du hier: Papierarten-Info.",Poster,"Politisch, Frauen, Feminismus, Plakat, rechtefreies Plakat, rechtefrei",1690577157996_1.jpg,,,,,no,In gedruckter Form,,Pixelgrafik,Rechte liegen beim Grafiker,ab 2010,,,,,,